project	toggle	date
kubernetes	MyFeature	
kubernetes	StopGRPCServiceOnDefrag	
kubernetes	TxnModeWriteWithSharedBuffer	
kubernetes	InitialCorruptCheck	
kubernetes	CompactHashCheck	
kubernetes	LeaseCheckpoint	
kubernetes	LeaseCheckpointPersist	
kubernetes	SetMemberLocalAddr	
kubernetes	Test	
kubernetes	TestAlphaFeature	
kubernetes	TestBetaFeature	
kubernetes	TestBetaDefaultOffFeature	
kubernetes	TestGAFeature	
kubernetes	ComponentSLIs	
kubernetes	ComponentSLIs	
kubernetes	MyFeature	
kubernetes	CloudControllerManagerWebhook	
kubernetes	MyFeature	
kubernetes	APIResponseCompression	
kubernetes	APIServerIdentity	
kubernetes	APIServerTracing	
kubernetes	APIServingWithRoutine	
kubernetes	AggregatedDiscoveryRemoveBetaType	
kubernetes	AllowParsingUserUIDFromCertAuth	
kubernetes	AllowUnsafeMalformedObjectDeletion	
kubernetes	AnonymousAuthConfigurableEndpoints	
kubernetes	AuthorizeWithSelectors	
kubernetes	BtreeWatchCache	
kubernetes	CBORServingAndStorage	
kubernetes	ConcurrentWatchObjectDecode	
kubernetes	ConsistentListFromCache	
kubernetes	CoordinatedLeaderElection	
kubernetes	DetectCacheInconsistency	
kubernetes	KMSv1	
kubernetes	ListFromCacheSnapshot	
kubernetes	MutatingAdmissionPolicy	
kubernetes	OpenAPIEnums	
kubernetes	RemoteRequestHeaderUID	
kubernetes	ResilientWatchCacheInitialization	
kubernetes	RetryGenerateName	
kubernetes	SeparateCacheWatchRPC	
kubernetes	SizeBasedListCostEstimate	
kubernetes	StorageVersionAPI	
kubernetes	StorageVersionHash	
kubernetes	StreamingCollectionEncodingToJSON	
kubernetes	StreamingCollectionEncodingToProtobuf	
kubernetes	StrictCostEnforcementForVAP	
kubernetes	StrictCostEnforcementForWebhooks	
kubernetes	StructuredAuthenticationConfiguration	
kubernetes	StructuredAuthenticationConfigurationEgressSelector	
kubernetes	StructuredAuthorizationConfiguration	
kubernetes	TokenRequestServiceAccountUIDValidation	
kubernetes	UnauthenticatedHTTP2DOSMitigation	
kubernetes	WatchCacheInitializationPostStartHook	
kubernetes	WatchFromStorageWithoutResourceVersion	
kubernetes	WatchList	
kubernetes	ComponentFlagz	
kubernetes	ComponentStatusz	
kubernetes	ContextualLogging	
kubernetes	LoggingAlphaOptions	
kubernetes	LoggingBetaOptions	
kubernetes	LoggingStableOptions	
kubernetes	CRDValidationRatcheting	
kubernetes	CustomResourceFieldSelectors	
kubernetes	MyFeature	
kubernetes	MyFeature	
kubernetes	AllowDNSOnlyNodeCSR	
kubernetes	AllowInsecureKubeletCertificateSigningRequests	
kubernetes	AllowOverwriteTerminationGracePeriodSeconds	
kubernetes	AllowServiceLBStatusOnNonLB	
kubernetes	AnyVolumeDataSource	
kubernetes	AuthorizeNodeWithSelectors	
kubernetes	CustomCPUCFSQuotaPeriod	
kubernetes	CPUManagerPolicyAlphaOptions	
kubernetes	CPUManagerPolicyBetaOptions	
kubernetes	CPUManagerPolicyOptions	
kubernetes	CSIMigrationPortworx	
kubernetes	CSIVolumeHealth	
kubernetes	ClearingNominatedNodeNameAfterBinding	
kubernetes	ClusterTrustBundle	
kubernetes	ClusterTrustBundleProjection	
kubernetes	ContainerCheckpoint	
kubernetes	ContainerRestartRules	
kubernetes	ContainerStopSignals	
kubernetes	CoordinatedLeaderElection	
kubernetes	CrossNamespaceVolumeDataSource	
kubernetes	DRAAdminAccess	
kubernetes	DRAConsumableCapacity	
kubernetes	DRADeviceBindingConditions	
kubernetes	DRADeviceTaints	
kubernetes	DRAExtendedResource	
kubernetes	DRAPartitionableDevices	
kubernetes	DRAPrioritizedList	
kubernetes	DRAResourceClaimDeviceStatus	
kubernetes	DRASchedulerFilterTimeout	
kubernetes	DeclarativeValidation	
kubernetes	DeclarativeValidationTakeover	
kubernetes	DeploymentReplicaSetTerminatingReplicas	
kubernetes	DisableAllocatorDualWrite	
kubernetes	DisableCPUQuotaWithExclusiveCPUs	
kubernetes	DisableNodeKubeProxyVersion	
kubernetes	DynamicResourceAllocation	
kubernetes	EnvFiles	
kubernetes	EventedPLEG	
kubernetes	ExecProbeTimeout	
kubernetes	ExternalServiceAccountTokenSigner	
kubernetes	GitRepoVolumeDriver	
kubernetes	GracefulNodeShutdown	
kubernetes	GracefulNodeShutdownBasedOnPodPriority	
kubernetes	HPAConfigurableTolerance	
kubernetes	HPAScaleToZero	
kubernetes	HonorPVReclaimPolicy	
kubernetes	HostnameOverride	
kubernetes	ImageMaximumGCAge	
kubernetes	ImageVolume	
kubernetes	InPlacePodVerticalScaling	
kubernetes	InPlacePodVerticalScalingAllocatedStatus	
kubernetes	InPlacePodVerticalScalingExclusiveCPUs	
kubernetes	InPlacePodVerticalScalingExclusiveMemory	
kubernetes	InTreePluginPortworxUnregister	
kubernetes	JobBackoffLimitPerIndex	
kubernetes	JobManagedBy	
kubernetes	JobPodReplacementPolicy	
kubernetes	JobSuccessPolicy	
kubernetes	KubeletCgroupDriverFromCRI	
kubernetes	KubeletCrashLoopBackOffMax	
kubernetes	KubeletEnsureSecretPulledImages	
kubernetes	KubeletFineGrainedAuthz	
kubernetes	KubeletInUserNamespace	
kubernetes	KubeletPSI	
kubernetes	KubeletPodResourcesDynamicResources	
kubernetes	KubeletPodResourcesGet	
kubernetes	KubeletPodResourcesListUseActivePods	
kubernetes	KubeletRegistrationGetOnExistsOnly	
kubernetes	KubeletSeparateDiskGC	
kubernetes	KubeletServiceAccountTokenForCredentialProviders	
kubernetes	KubeletTracing	
kubernetes	LoadBalancerIPMode	
kubernetes	LocalStorageCapacityIsolationFSQuotaMonitoring	
kubernetes	LogarithmicScaleDown	
kubernetes	MatchLabelKeysInPodAffinity	
kubernetes	MatchLabelKeysInPodTopologySpread	
kubernetes	MatchLabelKeysInPodTopologySpreadSelectorMerge	
kubernetes	MaxUnavailableStatefulSet	
kubernetes	MemoryManager	
kubernetes	MemoryQoS	
kubernetes	MultiCIDRServiceAllocator	
kubernetes	MutableCSINodeAllocatableCount	
kubernetes	NFTablesProxyMode	
kubernetes	NodeInclusionPolicyInPodTopologySpread	
kubernetes	NodeLogQuery	
kubernetes	NodeSwap	
kubernetes	NominatedNodeNameForExpectation	
kubernetes	OrderedNamespaceDeletion	
kubernetes	PodAndContainerStatsFromCRI	
kubernetes	PodCertificateRequest	
kubernetes	PodDeletionCost	
kubernetes	PodLevelResources	
kubernetes	PodLifecycleSleepAction	
kubernetes	PodLifecycleSleepActionAllowZero	
kubernetes	PodLogsQuerySplitStreams	
kubernetes	PodObservedGenerationTracking	
kubernetes	PodReadyToStartContainersCondition	
kubernetes	PodSchedulingReadiness	
kubernetes	PodTopologyLabelsAdmission	
kubernetes	PortForwardWebsockets	
kubernetes	PreferSameTrafficDistribution	
kubernetes	PreventStaticPodAPIReferences	
kubernetes	ProcMountType	
kubernetes	QOSReserved	
kubernetes	RecoverVolumeExpansionFailure	
kubernetes	RecursiveReadOnlyMounts	
kubernetes	ReduceDefaultCrashLoopBackOffDecay	
kubernetes	RelaxedDNSSearchValidation	
kubernetes	RelaxedEnvironmentVariableValidation	
kubernetes	RelaxedServiceNameValidation	
kubernetes	ReloadKubeletServerCertificateFile	
kubernetes	ResourceHealthStatus	
kubernetes	RotateKubeletServerCertificate	
kubernetes	RuntimeClassInImageCriApi	
kubernetes	SELinuxChangePolicy	
kubernetes	SELinuxMount	
kubernetes	SELinuxMountReadWriteOncePod	
kubernetes	SchedulerAsyncAPICalls	
kubernetes	SchedulerAsyncPreemption	
kubernetes	SchedulerPopFromBackoffQ	
kubernetes	SchedulerQueueingHints	
kubernetes	SeparateTaintEvictionController	
kubernetes	ServiceAccountNodeAudienceRestriction	
kubernetes	ServiceAccountTokenJTI	
kubernetes	ServiceAccountTokenNodeBinding	
kubernetes	ServiceAccountTokenNodeBindingValidation	
kubernetes	ServiceAccountTokenPodNodeInfo	
kubernetes	ServiceTrafficDistribution	
kubernetes	SidecarContainers	
kubernetes	StorageCapacityScoring	
kubernetes	StorageNamespaceIndex	
kubernetes	StorageVersionMigrator	
kubernetes	StreamingCollectionEncodingToJSON	
kubernetes	StreamingCollectionEncodingToProtobuf	
kubernetes	StrictIPCIDRValidation	
kubernetes	SupplementalGroupsPolicy	
kubernetes	TopologyAwareHints	
kubernetes	TopologyManagerPolicyAlphaOptions	
kubernetes	TopologyManagerPolicyBetaOptions	
kubernetes	TopologyManagerPolicyOptions	
kubernetes	TranslateStreamCloseWebsocketRequests	
kubernetes	UnknownVersionInteroperabilityProxy	
kubernetes	UserNamespacesPodSecurityStandards	
kubernetes	UserNamespacesSupport	
kubernetes	VolumeAttributesClass	
kubernetes	WinDSR	
kubernetes	WinOverlay	
kubernetes	WindowsCPUAndMemoryAffinity	
kubernetes	WindowsGracefulNodeShutdown	
kubernetes	WindowsHostNetwork	
